{
  "glucose": {
    "pop_mean": 120.89453125,
    "samp_mean": 112.92,
    "pop_max": 199,
    "samp_max": 152
  },
  "bmi": {
    "pop_pct": 47.52599999999996,
    "samp_pct": 44.096
  },
  "blood_pressure": {
    "boot_mean": 69.17484,
    "pop_mean": 69.10546875,
    "boot_std": 19.14162365600093,
    "pop_std": 19.355807170644777,
    "boot_98th": 97.79812000000003,
    "pop_98th": 99.31999999999994
  }
}